City_ID,City,Lat,Lng,Max Temp,Humidity,Cloudiness,Wind Speed,Country,Date
0,adamstown,-25.066,-130.1015,22.22,80,100,6.26,PN,1731264420
1,jinghong,21.991,100.7341,18.47,94,7,1.22,CN,1731264421
2,taulaga,-11.0553,-171.0883,28.65,73,94,7.82,AS,1731264422
3,bethel,41.3712,-73.414,14.56,45,0,5.14,US,1731264423
4,gaspe,48.8334,-64.4819,7.12,42,20,4.12,CA,1731264424
5,constantia,44.1833,28.65,6.38,80,98,6.95,RO,1731264261
6,tsiombe,-25.3,45.4833,22.89,86,19,1.73,MG,1731264426
7,berezovyy,51.6667,135.7,-3.84,59,41,3.62,RU,1731264427
8,iskateley,67.6803,53.1512,-9.65,86,30,2.99,RU,1731264241
9,port mathurin,-19.6833,63.4167,24.53,81,100,7.93,MU,1731264430
10,abepura,-2.6333,140.5833,24.45,94,40,0.51,ID,1731264431
11,nagqu,31.5,92.0,-2.59,53,20,1.98,CN,1731264432
12,shelbyville,35.4834,-86.4603,21.06,73,20,5.66,US,1731264200
13,jamestown,42.097,-79.2353,8.9,95,100,5.14,US,1731264434
14,garissa,-0.4536,39.6401,29.0,64,87,7.3,KE,1731264436
15,port-aux-francais,-49.35,70.2167,4.44,83,62,9.97,TF,1731264437
16,kodiak,57.79,-152.4072,3.73,93,100,9.77,US,1731264438
17,isafjordur,66.0755,-23.124,1.57,94,100,14.48,IS,1731264439
18,walvis bay,-22.9575,14.5053,15.09,81,12,6.78,NA,1731264440
19,zhanjiang,21.2815,110.3427,22.36,79,100,2.55,CN,1731264442
20,waitangi,-43.9535,-176.5597,13.23,97,100,2.24,NZ,1731264443
21,hammerfest,70.6634,23.6821,7.25,81,75,5.14,NO,1731264444
22,idri,27.5,13.2667,20.32,31,100,2.19,LY,1731264445
23,ripky,51.801,31.0838,4.99,79,100,2.37,UA,1731264446
24,margaret river,-33.95,115.0667,9.37,91,71,2.71,AU,1731264447
25,mejit,10.2753,170.8646,28.42,74,0,8.45,MH,1731264448
26,ta`u,-14.2336,-169.5144,27.17,82,100,8.12,AS,1731264449
27,schonkirchen,54.3333,10.2333,7.29,87,100,3.6,DE,1731264450
28,port alfred,-33.5906,26.891,15.66,98,100,0.45,ZA,1731264451
29,la'ie,21.6477,-157.9253,25.62,77,24,3.58,US,1731264452
30,gilgit,35.9221,74.3087,13.57,54,99,1.84,PK,1731264453
31,yellowknife,62.456,-114.3525,-8.71,86,75,3.6,CA,1731264455
32,west island,-12.1568,96.8225,26.99,83,100,6.69,CC,1731264446
33,olonkinbyen,70.9221,-8.7187,1.72,98,100,10.44,SJ,1731264457
34,ushuaia,-54.8,-68.3,6.81,81,75,7.72,AR,1731264388
35,grytviken,-54.2811,-36.5092,0.33,74,38,1.47,GS,1731264459
36,san felipe,10.3399,-68.7425,26.8,77,100,2.1,VE,1731264460
37,guerrero negro,27.9769,-114.0611,23.59,31,92,1.38,MX,1731264171
38,akropong,5.9746,-0.0854,23.0,82,29,1.65,GH,1731264462
39,crane,31.3974,-102.3501,22.26,14,0,3.72,US,1731264463
40,san jose de feliciano,-30.3845,-58.7517,34.22,19,0,5.08,AR,1731264464
41,san antonio de pale,-1.4014,5.6325,26.1,83,96,2.98,GQ,1731264465
42,edinburgh of the seven seas,-37.0676,-12.3116,15.83,88,100,13.25,SH,1731264466
43,saint-francois,46.4154,3.9054,12.45,93,20,2.57,FR,1731264468
44,coahuayana de hidalgo,18.7,-103.6583,31.8,56,18,3.08,MX,1731264469
45,puerto natales,-51.7236,-72.4875,11.25,58,75,7.72,CL,1731264470
46,al jawf,29.5,38.75,21.9,39,0,3.97,SA,1731264471
47,saudarkrokur,65.7461,-19.6394,4.52,92,100,6.86,IS,1731264472
48,shimanovsk,52.0,127.7,-9.13,73,5,4.31,RU,1731264473
49,ust-nera,64.5667,143.2,-25.19,99,92,1.5,RU,1731264474
50,tiksi,71.6872,128.8694,-19.49,99,83,1.64,RU,1731264357
51,klyuchi,52.2667,79.1667,0.26,90,100,8.29,RU,1731264476
52,pandaria,22.2333,81.4167,19.74,60,0,1.53,IN,1731264477
53,kindu,-2.95,25.95,19.73,99,75,0.9,CD,1731264478
54,port elizabeth,-33.918,25.5701,16.84,90,0,2.57,ZA,1731264479
55,uturoa,-16.7333,-151.4333,27.2,81,100,5.8,PF,1731264480
56,albany,42.6001,-73.9662,12.97,39,100,1.79,US,1731264481
57,yuzhno-kurilsk,44.0306,145.8556,9.59,80,100,6.83,RU,1731264483
58,markapur,15.7333,79.2833,23.1,72,100,1.58,IN,1731264484
59,east london,-33.0153,27.9116,17.13,88,100,1.3,ZA,1731264485
60,ilulissat,69.2167,-51.1,-3.99,74,100,4.12,GL,1731264287
61,flying fish cove,-10.4217,105.6791,25.82,94,100,3.6,CX,1731264487
62,mata-utu,-13.2816,-176.1745,27.41,81,89,7.26,WF,1731264488
63,saipan,15.1355,145.701,28.39,88,20,5.66,MP,1731264489
64,haiku-pauwela,20.9219,-156.3051,25.02,77,20,9.39,US,1731264490
65,yamada,39.4667,141.95,10.36,84,100,1.98,JP,1731264491
66,nayoro,44.3506,142.4578,9.54,96,100,4.53,JP,1731264492
67,la ronge,55.1001,-105.2842,3.14,70,75,2.06,CA,1731264494
68,stanley,54.868,-1.6985,9.6,86,0,4.12,GB,1731264495
69,tangalle,6.024,80.7911,25.21,88,100,1.1,LK,1731264497
70,alvaraes,-3.2208,-64.8042,28.93,65,92,0.85,BR,1731264498
71,betio village,1.358,172.9211,28.02,77,94,8.43,KI,1731264499
72,gbarnga,6.9956,-9.4722,24.97,72,14,0.85,LR,1731264500
73,daugavgriva,57.0432,24.0361,1.66,95,100,4.12,LV,1731264501
74,hilo,19.7297,-155.09,22.85,78,20,2.57,US,1731264382
75,turpan,42.9333,89.1667,8.62,49,2,0.53,CN,1731264503
76,kaltan,53.5347,87.2457,1.2,87,100,8.19,RU,1731264504
77,guatire,10.4762,-66.5427,26.76,90,98,0.94,VE,1731264505
78,hermanus,-34.4187,19.2345,14.89,76,100,5.0,ZA,1731264251
79,cabo san lucas,22.8909,-109.9124,27.64,58,7,1.34,MX,1731264508
80,punta arenas,-53.15,-70.9167,12.06,37,40,13.89,CL,1731264416
81,vadso,70.0744,29.7487,4.09,87,75,4.63,NO,1731264510
82,port macquarie,-31.4333,152.9167,20.04,87,100,1.79,AU,1731264511
83,wongsorejo,-7.9908,114.4009,25.06,86,12,3.15,ID,1731264512
84,villa gesell,-37.2639,-56.973,19.3,80,100,6.34,AR,1731264513
85,avarua,-21.2078,-159.775,24.03,64,20,3.6,CK,1731264514
86,kristiansund,63.1115,7.732,5.63,87,20,3.09,NO,1731264515
87,pahrump,36.2083,-115.9839,17.75,19,17,2.76,US,1731264384
88,alghero,40.5589,8.3181,16.05,88,20,1.54,IT,1731264517
89,zaozersk,69.4005,32.4476,1.56,86,92,3.04,RU,1731264518
90,tralee,52.2704,-9.7026,12.14,87,100,1.03,IE,1731264519
91,greymouth,-42.4667,171.2,9.66,89,100,0.53,NZ,1731264520
92,darab,28.7519,54.5444,20.84,24,100,1.67,IR,1731264522
93,valparaiso,-33.0393,-71.6273,25.13,49,20,8.23,CL,1731264508
94,tam ky,15.5667,108.4833,21.81,94,53,2.25,VN,1731264524
95,lebu,-37.6167,-73.65,14.32,67,0,4.66,CL,1731264341
96,invercargill,-46.4,168.35,9.45,74,100,5.81,NZ,1731264526
97,ponnani,10.767,75.9252,25.24,79,11,1.76,IN,1731264527
98,sidney,-33.8679,151.2073,18.17,78,100,6.17,AU,1731264332
99,laascaanood,8.4774,47.3597,26.7,31,98,1.28,SO,1731264529
100,udachny,66.4167,112.4,-19.48,98,69,2.2,RU,1731264530
101,lompoc,34.6391,-120.4579,22.61,48,0,0.89,US,1731264531
102,dzhangala,49.2167,50.3333,1.87,87,10,3.48,KZ,1731264532
103,rozhyshche,50.9154,25.2691,3.4,89,6,2.43,UA,1731264533
104,nevel'sk,46.6733,141.8633,5.05,65,0,11.4,RU,1731264534
105,susuman,62.7833,148.1667,-34.48,99,100,0.27,RU,1731264536
106,hawaiian paradise park,19.5933,-154.9731,22.73,92,20,2.57,US,1731264537
107,siler city,35.7235,-79.4622,16.97,76,100,2.94,US,1731264538
108,badger,64.8,-147.5333,-19.05,78,0,2.06,US,1731264539
109,egilsstadir,65.2653,-14.3948,6.95,81,75,4.63,IS,1731264540
110,colonia,50.9333,6.95,10.54,87,100,1.03,DE,1731264541
111,funafuti,-8.5243,179.1942,27.0,89,40,0.0,TV,1731264542
112,nguigmi,14.2495,13.1092,26.08,24,98,3.07,NE,1731264543
113,toliara,-23.35,43.6667,23.8,82,2,2.7,MG,1731264544
114,hami,42.8,93.45,6.2,43,0,3.91,CN,1731264545
115,carnarvon,-24.8667,113.6333,20.16,70,49,11.54,AU,1731264361
116,ust'-uda,54.1742,103.0304,-5.96,75,58,1.34,RU,1731264547
117,petropavlovsk-kamchatsky,53.0452,158.6483,-5.67,74,75,1.0,RU,1731264549
118,ribeira grande,38.5167,-28.7,20.43,83,20,8.75,PT,1731264550
119,adam,22.3756,57.5233,25.41,36,0,3.78,OM,1731264551
120,port-gentil,-0.7193,8.7815,26.98,83,20,2.06,GA,1731264552
121,keflavik,64.0049,-22.5624,7.24,81,75,10.8,IS,1731264553
122,formosa do rio preto,-11.0483,-45.1931,26.61,67,100,3.12,BR,1731264554
123,blackmans bay,-43.0167,147.3167,6.4,88,5,1.75,AU,1731264360
124,karasu,41.071,30.7854,10.68,80,100,0.99,TR,1731264556
125,oranjemund,-28.55,16.4333,15.48,90,51,5.03,NA,1731264557
126,murzuq,25.9155,13.9184,19.08,32,100,2.31,LY,1731264558
127,vico del gargano,41.8983,15.9576,15.04,70,44,3.84,IT,1731264559
128,fada,7.25,4.0667,27.37,65,20,2.06,NG,1731264560
129,happy valley-goose bay,53.3168,-60.3315,2.17,60,75,6.17,CA,1731264413
130,bilibino,68.0546,166.4372,-17.88,98,100,0.32,RU,1731264563
131,whitehorse,60.7161,-135.0538,-2.21,79,75,4.63,CA,1731264564
132,kyadabek,40.5656,45.8161,4.79,61,99,1.29,AZ,1731264565
133,seymour,38.9592,-85.8903,19.18,91,99,6.2,US,1731264566
134,luena,-11.7833,19.9167,17.24,95,40,0.58,AO,1731264567
135,saint-joseph,-21.3667,55.6167,24.21,86,38,4.6,RE,1731264568
136,st. john's,47.5649,-52.7093,3.87,61,75,12.35,CA,1731264569
137,atafu village,-8.5421,-172.5159,28.42,68,46,5.3,TK,1731264570
138,guelmim,28.987,-10.0574,28.19,16,0,8.23,MA,1731264571
139,hithadhoo,-0.6,73.0833,28.09,73,100,5.68,MV,1731264572
140,puerto ayora,-0.7393,-90.3518,23.64,79,72,3.58,EC,1731264574
141,usakos,-22.0,15.6,20.19,38,1,4.52,NA,1731264575
142,iqaluit,63.7506,-68.5145,-3.15,63,75,5.14,CA,1731264576
143,at taj,24.2049,23.2857,17.25,36,0,3.48,LY,1731264577
144,mandimba,-14.3548,35.6515,24.77,62,3,3.17,MZ,1731264578
145,kardla,58.9978,22.7492,7.59,82,100,2.42,EE,1731264580
146,usinsk,65.9939,57.5281,-12.83,95,15,4.65,RU,1731264581
147,namibe,-15.1961,12.1522,21.2,71,99,4.33,AO,1731264410
148,akureyri,65.6835,-18.0878,7.96,61,75,8.23,IS,1731264585
149,myeik,12.4333,98.6,26.24,84,68,1.8,MM,1731264586
150,weno,7.4515,151.8468,26.97,74,40,0.0,FM,1731264587
151,lazaro cardenas,17.9583,-102.2,29.68,66,99,3.42,MX,1731264588
152,baracoa,20.3467,-74.4958,28.79,74,31,2.33,CU,1731264589
153,kailua-kona,19.6406,-155.9956,26.42,74,0,0.0,US,1731264590
154,kill devil hills,36.0307,-75.676,20.01,73,0,5.14,US,1731264591
155,khoyniki,51.8911,29.9552,1.75,95,9,2.19,BY,1731264592
156,urengoy,65.9667,78.3667,-7.36,93,100,6.89,RU,1731264593
157,asadabad,34.7824,48.1185,13.4,56,51,1.23,IR,1731264594
158,springfield,37.2153,-93.2982,19.92,52,0,4.63,US,1731264426
159,pisco,-13.7,-76.2167,23.03,60,0,3.09,PE,1731264596
160,kayes,14.0,-11.0,29.63,18,0,2.69,ML,1731264597
161,ostersund,63.1792,14.6357,1.45,100,100,5.66,SE,1731264522
162,azle,32.8951,-97.5459,26.06,45,0,2.06,US,1731264600
163,malumfashi,11.7853,7.6218,22.47,27,52,3.07,NG,1731264602
164,port blair,11.6667,92.75,28.02,83,40,1.03,IN,1731264603
165,pemangkat,1.1667,108.9667,26.96,80,100,1.9,ID,1731264604
166,kharp,66.8014,65.8081,-16.79,91,61,4.49,RU,1731264605
167,sevierville,35.8681,-83.5618,22.14,56,100,0.0,US,1731264606
168,wailua homesteads,22.0669,-159.378,25.44,95,75,7.2,US,1731264607
169,saint-philippe,-21.3585,55.7679,24.45,88,45,5.16,RE,1731264608
170,itoman,26.1247,127.6694,26.01,89,20,4.63,JP,1731264609
171,qaqortoq,60.7167,-46.0333,-1.91,87,100,3.91,GL,1731264610
172,yaguajay,22.3272,-79.2378,26.52,86,99,6.49,CU,1731264612
173,howard springs,-12.497,131.047,25.95,94,100,1.29,AU,1731264613
174,brisas de zicatela,15.8369,-97.0419,28.88,72,55,2.79,MX,1731264614
175,kapit,2.0167,112.9333,22.64,99,100,0.61,MY,1731264615
176,alofi,-19.0595,-169.9187,24.94,78,100,7.72,NU,1731264616
177,kapa'a,22.0752,-159.319,26.18,95,75,7.2,US,1731264541
178,ancud,-41.8697,-73.8203,10.08,81,81,6.53,CL,1731264590
179,sovetskaya gavan',48.9723,140.2878,-0.33,59,0,8.07,RU,1731264620
180,rongelap,11.1635,166.8941,27.66,81,71,9.6,MH,1731264590
181,vuktyl,63.8567,57.3094,-7.04,90,100,4.96,RU,1731264623
182,lihue,21.9789,-159.3672,25.77,89,75,7.2,US,1731264624
183,sandacho,34.8833,135.2333,16.1,85,100,1.02,JP,1731264625
184,kolonia,50.9333,6.95,10.54,87,100,1.03,DE,1731264541
185,vilyuchinsk,52.9306,158.4028,-4.85,77,100,0.24,RU,1731264627
186,papatowai,-46.5619,169.4708,8.09,83,81,7.65,NZ,1731264628
187,callao,-12.0667,-77.15,22.16,64,0,8.23,PE,1731264568
188,talcahuano,-36.7167,-73.1167,17.82,59,40,5.14,CL,1731264630
189,college,64.8569,-147.8028,-19.01,78,20,2.06,US,1731264631
190,utrik,11.2278,169.8474,28.44,76,1,8.9,MH,1731264561
191,bikenibeu village,1.3673,173.1241,27.98,83,75,4.63,KI,1731264633
192,sodankyla,67.4167,26.6,-2.02,82,32,2.13,FI,1731264635
193,mount gambier,-37.8333,140.7667,7.0,94,9,2.25,AU,1731264636
194,khanjarah,40.5999,33.6153,9.23,46,100,1.88,TR,1731264637
195,oxapampa,-10.5775,-75.4017,21.73,70,98,1.93,PE,1731264638
196,gadzhiyevo,69.2551,33.3362,2.87,85,97,3.91,RU,1731264640
197,tazovsky,67.4667,78.7,-10.4,93,100,7.79,RU,1731264641
198,cockburn town,21.4612,-71.1419,27.98,89,40,7.72,TC,1731264642
199,georgetown,5.4112,100.3354,27.96,83,20,2.06,MY,1731264643
200,vilyuysk,63.7553,121.6247,-13.66,97,99,2.05,RU,1731264644
201,collie,-33.3667,116.15,9.0,94,100,2.4,AU,1731264645
202,yangambi,0.8102,24.4336,20.06,98,99,0.84,CD,1731264646
203,mansa,29.9833,75.3833,22.73,42,0,2.82,IN,1731264648
204,mokhsogollokh,61.4681,128.9203,-13.96,97,99,1.59,RU,1731264649
205,cole harbour,44.6724,-63.4751,8.87,44,4,6.69,CA,1731264650
206,greenland,43.0362,-70.8328,13.87,37,96,1.79,US,1731264576
207,kavieng,-2.5744,150.7967,28.04,77,97,6.8,PG,1731264652
208,cadale,2.7603,46.3222,26.9,81,100,4.42,SO,1731264653
209,ceeldheer,3.8488,47.1806,26.78,81,96,5.03,SO,1731264654
210,winters,38.5249,-121.9708,18.69,47,0,1.54,US,1731264655
211,nar'yan-mar,67.6713,53.087,-9.01,86,49,3.2,RU,1731264656
212,remire-montjoly,4.9167,-52.2667,27.02,89,100,2.57,GF,1731264657
213,kabalo,-6.05,26.9167,21.39,93,100,2.57,CD,1731264658
214,ambon,-3.6954,128.1814,27.15,95,40,4.63,ID,1731264660
215,wildwood,38.5828,-90.6629,20.3,52,0,6.17,US,1731264395
216,orosei,40.3798,9.6929,16.36,84,61,2.6,IT,1731264662
217,port lincoln,-34.7333,135.8667,15.54,88,83,5.24,AU,1731264663
218,hamilton,39.1834,-84.5333,16.69,95,100,7.2,US,1731264477
219,aykhal,66.0,111.5,-15.12,97,100,3.19,RU,1731264368
220,krems an der donau,48.4092,15.6142,4.28,93,3,0.99,AT,1731264666
221,florence,43.7667,11.25,12.83,57,0,2.06,IT,1731264513
222,talnakh,69.4865,88.3972,-23.89,91,47,1.58,RU,1731264668
223,archidona,37.0965,-4.3887,13.14,51,98,1.84,ES,1731264669
224,thompson,55.7435,-97.8558,-1.91,86,100,2.06,CA,1731264670
225,codrington,-38.2667,141.9667,6.68,94,6,3.18,AU,1731264671
226,nemuro,43.3236,145.575,11.81,82,100,8.8,JP,1731264672
227,piton saint-leu,-21.2196,55.3151,23.06,69,0,2.06,RE,1731264673
228,sahab,31.8721,36.005,16.35,72,0,4.12,JO,1731264676
229,kuchera,26.9839,73.9719,22.9,28,0,0.48,IN,1731264677
230,ponta delgada,37.7333,-25.6667,20.4,83,75,6.17,PT,1731264678
231,caribou,46.8606,-68.012,10.55,36,0,6.17,US,1731264679
232,mufumbwe,-13.6833,24.8,21.42,71,33,3.27,ZM,1731264681
233,la passe,45.5549,-0.8967,15.13,85,100,3.23,FR,1731264682
234,enewetak,11.3474,162.3373,28.22,72,96,10.47,MH,1731264683
235,hadibu,12.65,54.0333,26.08,79,59,4.52,YE,1731264684
236,tionk essil,12.7856,-16.5217,29.06,31,1,1.99,SN,1731264685
237,neryungri,56.6709,124.6491,-19.3,97,67,1.51,RU,1731264686
238,murghob,38.1702,73.9667,-4.99,64,0,2.13,TJ,1731264687
239,tongchuanshi,35.0806,109.0897,12.8,75,100,2.36,CN,1731264688
240,queenstown,-31.8976,26.8753,12.82,93,100,2.6,ZA,1731264689
241,wattegama,6.7989,81.4808,23.38,90,24,1.64,LK,1731264690
242,port augusta,-32.5,137.7667,21.54,46,100,2.81,AU,1731264691
243,san patricio,28.017,-97.5169,30.97,60,9,3.54,US,1731264694
244,khovd,48.0056,91.6419,-3.5,40,99,3.74,MN,1731264695
245,pangkalanbuun,-2.6833,111.6167,23.25,100,100,0.46,ID,1731264696
246,vernon,50.2581,-119.2691,7.64,86,100,0.89,CA,1731264697
247,lata,40.1629,-8.3327,13.59,98,66,1.54,PT,1731264698
248,khanabad,36.6825,69.1156,11.87,73,63,0.31,AF,1731264699
249,alpine,32.835,-116.7664,23.7,21,0,1.34,US,1731264700
250,sur,22.5667,59.5289,26.91,59,0,1.39,OM,1731264701
251,amga,60.8953,131.9608,-16.62,99,99,1.06,RU,1731264702
252,nishinoomote,30.7333,131.0,22.36,88,100,11.16,JP,1731264703
253,chemolgan,43.1897,76.5292,4.83,65,0,0.82,KZ,1731264704
254,belyy yar,53.6039,91.3903,0.94,80,0,7.0,RU,1731264706
255,vorgashor,67.5833,63.95,-15.75,98,78,3.88,RU,1731264707
256,kataysk,56.289,62.5841,-6.46,84,9,5.05,RU,1731264708
257,santa cruz,-17.8,-63.1667,35.7,46,40,5.66,BO,1731264409
258,anadyr,64.75,177.4833,-4.72,86,100,2.0,RU,1731264710
259,longyearbyen,78.2186,15.6401,-3.09,86,75,0.0,SJ,1731264711
260,afaahiti,-17.75,-149.2833,24.56,86,100,7.36,PF,1731264712
261,rosedale,39.3201,-76.5155,15.51,61,100,3.6,US,1731264713
262,island harbour,50.724,-1.2758,12.79,72,98,1.73,GB,1731264714
263,palmer,42.1584,-72.3287,13.8,39,75,6.17,US,1731264715
264,pinoso,38.4016,-1.042,13.5,56,5,1.75,ES,1731264716
265,kerikeri,-35.2268,173.9474,18.28,92,100,2.24,NZ,1731264717
266,fuzesabony,47.75,20.4167,4.83,59,0,2.39,HU,1731264718
267,viana do castelo,41.6932,-8.8329,17.09,97,100,4.12,PT,1731264719
268,alta,69.9689,23.2717,4.59,75,75,3.13,NO,1731264721
269,tamandare,-8.7597,-35.1047,27.06,67,9,5.8,BR,1731264722
270,toropets,56.4978,31.6353,1.78,95,44,1.32,RU,1731264723
271,bredasdorp,-34.5322,20.0403,15.63,74,94,3.36,ZA,1731264724
272,antsiranana,-12.2787,49.2917,25.83,83,65,4.85,MG,1731264725
273,kysucke nove mesto,49.3,18.7833,-0.31,93,0,0.51,SK,1731264726
274,kirensk,57.7853,108.1119,-14.24,98,64,0.96,RU,1731264727
275,charters towers,-20.1,146.2667,19.78,95,3,4.04,AU,1731264728
276,newman,37.3138,-121.0208,16.7,26,75,1.41,US,1731264729
277,salalah,17.0151,54.0924,26.05,57,0,1.54,OM,1731264730
278,nuuk,64.1835,-51.7216,-2.66,86,100,4.12,GL,1731264694
279,raduzhny,62.0961,77.475,-14.1,98,68,2.65,RU,1731264733
280,serov,59.6033,60.5787,-5.62,70,100,4.43,RU,1731264734
281,tolanaro,-25.0319,46.9987,25.04,78,20,10.29,MG,1731264735
282,sabang,5.8933,95.3214,27.97,76,100,2.48,ID,1731264736
283,mentekab,3.4854,102.3484,23.86,99,100,0.32,MY,1731264737
284,luchegorsk,46.4764,134.2569,-1.57,74,0,3.51,RU,1731264738
285,sianow,54.2265,16.2913,3.21,70,0,2.69,PL,1731264739
286,goondiwindi,-28.55,150.3167,22.04,83,84,3.63,AU,1731264740
287,tshabong,-26.05,22.45,26.98,17,85,2.4,BW,1731264584
288,lubang,13.8584,120.124,28.55,79,100,6.63,PH,1731264744
289,celestun,20.8667,-90.4,28.24,74,100,4.49,MX,1731264746
290,onega,63.9061,38.1404,1.92,83,100,3.76,RU,1731264747
291,steinkjer,64.193,11.3851,3.1,91,100,0.91,NO,1731264748
292,phek,25.6667,94.5,12.23,99,16,0.58,IN,1731264749
293,bashmakovo,53.2133,43.0342,3.55,70,100,2.17,RU,1731264750
294,hasaki,35.7333,140.8333,16.97,95,100,4.96,JP,1731264751
295,acapulco de juarez,16.8634,-99.8901,29.9,74,75,3.6,MX,1731264752
296,juan griego,11.0817,-63.9655,37.07,47,64,5.14,VE,1731264753
297,kongsberg,59.6652,9.6465,2.88,92,100,1.16,NO,1731264754
298,sao joao da barra,-21.6403,-41.0511,25.05,64,49,7.24,BR,1731264755
299,nuku'alofa,-21.1333,-175.2,23.19,88,40,3.6,TO,1731264756
300,pauini,-7.7136,-66.9764,32.69,51,98,1.8,BR,1731264757
301,mitrofanovka,49.9708,39.6939,4.31,89,100,1.7,RU,1731264758
302,san ignacio de velasco,-16.3667,-60.95,33.77,40,31,4.88,BO,1731264760
303,katabu,-4.9333,122.5167,24.02,95,23,1.29,ID,1731264761
304,new norfolk,-42.7826,147.0587,7.06,99,10,1.37,AU,1731264762
305,belokurikha,51.9959,84.9896,3.27,57,100,9.15,RU,1731264763
306,sola,-13.8833,167.55,27.37,78,75,2.06,VU,1731264764
307,swakopmund,-22.6833,14.5333,17.21,79,8,4.02,NA,1731264765
308,luancheng,37.8792,114.6517,11.14,76,0,2.13,CN,1731264766
309,aasiaat,68.7098,-52.8699,-8.75,96,97,1.38,GL,1731264767
310,kingston,17.997,-76.7936,31.76,74,20,8.23,JM,1731264721
311,narayanpet,16.7333,77.5,21.7,65,34,3.52,IN,1731264769
312,timbuktu,16.7735,-3.0074,27.87,12,100,4.35,ML,1731264599
313,lerwick,60.1545,-1.1494,9.73,79,98,7.84,GB,1731264771
314,princeville,45.7668,-61.2985,5.43,61,0,7.2,CA,1731264772
315,paulinia,-22.7611,-47.1542,27.52,59,2,2.69,BR,1731264774
316,homer,59.6425,-151.5483,4.32,75,100,0.0,US,1731264775
317,touros,-5.1989,-35.4608,26.98,68,100,6.47,BR,1731264776
318,nova sintra,14.8667,-24.7167,26.87,74,66,6.75,CV,1731264777
319,manglaur,29.8,77.8667,20.52,60,0,1.92,IN,1731264778
320,mbandaka,0.0487,18.2603,20.76,93,50,1.76,CD,1731264779
321,lucas,41.6501,-83.6666,16.61,94,100,4.63,US,1731264780
322,gamba,-2.65,10.0,25.22,87,96,1.64,GA,1731264781
323,tamanrasset,22.785,5.5228,19.95,19,0,5.66,DZ,1731264782
324,gisborne,-38.6533,178.0042,19.13,71,77,5.13,NZ,1731264783
325,murgab,37.4966,61.9714,7.93,76,0,0.0,TM,1731264784
326,burgersdorp,-30.9977,26.3286,14.62,83,0,3.6,ZA,1731264785
327,sao miguel do araguaia,-13.275,-50.1628,28.24,69,58,3.26,BR,1731264786
328,gejiu,23.306,103.1635,11.15,91,14,0.47,CN,1731264788
329,zheleznodorozhnyy,55.7503,38.0042,0.75,83,48,1.74,RU,1731264789
330,mount pearl,47.5166,-52.7813,3.41,61,75,12.35,CA,1731264790
331,six-fours-les-plages,43.0938,5.84,16.36,66,100,0.53,FR,1731264791
332,coyhaique,-45.5752,-72.0662,9.74,83,100,4.12,CL,1731264493
333,rawson,-43.3002,-65.1023,20.16,15,20,6.17,AR,1731264793
334,orange cove,36.6244,-119.3137,25.54,16,14,1.47,US,1731264759
335,kalifornsky,60.4183,-151.29,2.19,64,0,4.12,US,1731264795
336,magadan,59.5667,150.8,-10.64,63,100,6.54,RU,1731264622
337,belmonte,-15.8631,-38.8828,23.11,92,100,6.38,BR,1731264797
338,sanming,26.2486,117.6186,18.96,97,97,1.18,CN,1731264798
339,le port,-20.9373,55.2919,24.98,93,24,2.65,RE,1731264799
340,port moresby,-9.4431,147.1797,25.68,89,75,2.06,PG,1731264801
341,tanout,14.9709,8.8879,23.9,19,5,4.31,NE,1731264802
342,oodweyne,9.4092,45.064,20.45,51,5,4.74,SO,1731264803
343,kanniyakumari,8.0833,77.5667,26.9,65,6,3.03,IN,1731264804
344,thunder bay,48.4001,-89.3168,6.99,93,100,1.03,CA,1731264805
345,mulchen,-37.7167,-72.2333,17.13,42,100,2.18,CL,1731264806
346,ankazoabo,-22.2833,44.5167,27.27,55,6,1.04,MG,1731264807
347,gizo,-8.103,156.8419,27.5,76,20,2.38,SB,1731264808
348,dolores,-36.3132,-57.6792,28.03,40,100,2.88,AR,1731264809
349,antofagasta,-23.65,-70.4,20.6,68,1,4.28,CL,1731264810
350,brazzaville,-4.2658,15.2832,22.42,91,96,0.55,CG,1731264811
351,cidreira,-30.1811,-50.2056,21.78,66,0,7.68,BR,1731264812
352,agadez,19.75,10.25,21.14,23,0,2.85,NE,1731264814
353,mezhdurechenskiy,59.6,65.9333,-6.92,76,72,6.14,RU,1731264815
354,kapuskasing,49.4169,-82.4331,7.05,81,100,2.57,CA,1731264816
355,jaisalmer,26.9147,70.9181,27.43,23,0,4.28,IN,1731264817
356,balnearia,-31.0088,-62.6673,36.41,23,1,4.42,AR,1731264746
357,alto barinas,8.5931,-70.2261,27.77,70,95,4.57,VE,1731264819
358,borogontsy,62.6683,131.1683,-22.23,100,95,0.85,RU,1731264820
359,minas de marcona,-15.2119,-75.1103,19.96,58,15,5.58,PE,1731264821
360,ar ruways,24.1103,52.7306,25.3,57,6,2.01,AE,1731264822
361,san sebastian de la gomera,28.0916,-17.1133,30.2,13,0,2.06,ES,1731264823
362,quixeramobim,-5.1992,-39.2928,37.06,19,86,3.16,BR,1731264824
363,grand falls-windsor,48.9332,-55.6649,1.7,55,0,5.84,CA,1731264825
364,san luis de la loma,17.2706,-100.8939,29.74,71,90,2.93,MX,1731264827
365,qusar,41.4273,48.4289,5.4,88,37,0.74,AZ,1731264828
366,yeppoon,-23.1333,150.7333,22.95,87,100,4.17,AU,1731264829
367,freetown,8.484,-13.2299,27.39,76,0,2.02,SL,1731264830
368,punaauia,-17.6333,-149.6,27.8,78,75,1.03,PF,1731264832
369,sidrolandia,-20.9319,-54.9614,34.94,26,0,2.67,BR,1731264833
370,koulikoro,14.0,-7.75,27.22,19,4,3.01,ML,1731264834
371,mayahi,13.9553,7.6712,25.05,16,100,4.38,NE,1731264835
372,pirapora,-17.345,-44.9419,29.63,59,0,1.58,BR,1731264712
373,ed damer,17.5928,33.9592,31.71,35,35,8.16,SD,1731264838
374,malango,-2.9627,119.9001,18.52,98,16,1.16,ID,1731264839
375,polyarnyy,69.1989,33.4478,2.87,85,100,3.7,RU,1731264840
376,patong,7.8961,98.2966,26.08,81,67,2.81,TH,1731264841
377,cangucu,-31.395,-52.6756,22.66,50,0,3.64,BR,1731264843
378,uryupinsk,50.8047,42.0138,5.69,58,100,2.85,RU,1731264844
379,nabire,-3.3667,135.4833,24.0,91,18,1.35,ID,1731264845
380,kangding,30.0513,101.9603,8.14,62,2,2.47,CN,1731264749
381,pacific grove,36.6177,-121.9166,19.8,73,0,1.54,US,1731264847
382,oranjestad,12.524,-70.027,29.97,78,75,3.6,AW,1731264587
383,warud,21.4667,78.2667,21.11,53,0,1.58,IN,1731264850
384,labrador city,52.9463,-66.9114,0.95,78,75,6.26,CA,1731264851
385,bandar-e genaveh,29.5791,50.517,26.4,56,100,4.21,IR,1731264852
386,sitka,57.0531,-135.33,7.94,61,75,10.8,US,1731264710
387,brownsville,25.9018,-97.4975,31.97,55,0,3.6,US,1731264807
388,letpandan,17.7833,95.75,22.19,94,13,3.63,MM,1731264856
389,fale old settlement,-9.3852,-171.2468,27.63,77,100,5.06,TK,1731264857
390,kismayo,-0.3582,42.5454,26.48,84,99,3.86,SO,1731264858
391,la sarre,48.8002,-79.1996,5.73,74,100,2.17,CA,1731264859
392,hengchun,22.0042,120.7439,25.52,84,17,7.66,TW,1731264860
393,jining,35.405,116.5814,15.81,85,100,1.85,CN,1731264861
394,corner brook,48.9667,-57.9484,1.91,77,100,5.28,CA,1731264782
395,mirabad,30.4362,61.8383,16.93,41,100,4.41,AF,1731264865
396,ariquemes,-9.9133,-63.0408,33.43,49,100,2.98,BR,1731264727
397,tura,25.5198,90.2201,19.61,90,0,1.43,IN,1731264699
398,quellon,-43.1167,-73.6167,11.04,67,5,5.76,CL,1731264868
399,umm kaddadah,13.6017,26.6876,27.32,17,63,5.97,SD,1731264869
400,ust'-kut,56.7938,105.7672,-10.45,96,100,1.37,RU,1731264870
401,borujen,31.9652,51.2873,10.39,38,100,1.23,IR,1731264871
402,foumban,5.7291,10.9001,18.94,68,7,1.06,CM,1731264872
403,leava,-14.3,-178.1667,27.14,83,100,7.68,WF,1731264873
404,coquimbo,-29.9533,-71.3436,18.85,60,20,5.66,CL,1731264874
405,metahara,8.9,39.9167,24.9,41,32,1.35,ET,1731264876
406,ulsteinvik,62.3432,5.8487,6.07,72,98,2.91,NO,1731264877
407,karatas,36.582,35.3701,20.82,49,100,8.25,TR,1731264878
408,portland,45.5234,-122.6762,13.23,84,75,1.54,US,1731264879
409,inarajan village,13.2736,144.7484,27.54,91,98,7.76,GU,1731264880
410,beira,-19.8436,34.8389,25.05,83,20,5.83,MZ,1731264881
411,villa ocampo,-28.4875,-59.3551,33.9,27,4,3.43,AR,1731264882
412,maputo,-25.9653,32.5892,23.82,88,75,4.63,MZ,1731264646
413,banda aceh,5.5577,95.3222,26.7,76,100,1.65,ID,1731264884
414,baturaja,-4.1333,104.1667,23.46,98,98,0.79,ID,1731264885
415,neiafu,-18.65,-173.9833,25.38,78,75,5.14,TO,1731264886
416,tabou,4.423,-7.3528,26.08,83,63,2.64,CI,1731264887
417,konstantinovsk,47.5828,41.0922,5.25,72,0,2.8,RU,1731264889
418,sinjai,-5.1241,120.253,24.7,83,100,1.72,ID,1731264890
419,sadjoavato,-12.6334,49.349,24.19,86,78,2.6,MG,1731264891
420,backa palanka,45.2508,19.3919,6.01,50,0,2.74,RS,1731264892
421,kimbe,-5.5502,150.1429,24.69,91,100,0.53,PG,1731264893
422,dongola,19.1667,30.4833,24.68,24,5,7.06,SD,1731264894
423,garbahaarrey,3.3289,42.2209,28.37,60,96,1.74,SO,1731264895
424,laojunmiao,39.8333,97.7333,3.55,58,84,0.92,CN,1731264896
425,kalmunai,7.4167,81.8167,25.2,86,76,4.16,LK,1731264897
426,wuyishan,28.0047,117.8114,16.2,96,0,0.34,CN,1731264900
427,oroqen zizhiqi,50.5667,123.7167,-10.51,93,100,0.63,CN,1731264766
428,morehead city,34.7229,-76.726,24.03,63,0,4.63,US,1731264902
429,marka,1.7159,44.7717,26.52,86,18,4.25,SO,1731264903
430,williams lake,52.1415,-122.1445,4.47,86,75,5.66,CA,1731264904
431,sinop,41.7711,34.8709,8.72,74,100,1.38,TR,1731264905
432,igarka,67.4667,86.5833,-11.38,94,100,4.55,RU,1731264906
433,keila,59.3036,24.4131,4.0,86,100,1.48,EE,1731264907
434,forster,-32.1667,152.5167,17.99,94,100,3.29,AU,1731264908
435,vero beach,27.6386,-80.3973,28.91,77,100,9.26,US,1731264746
436,jiexiu,37.0244,111.9125,12.31,71,100,1.19,CN,1731264910
437,lamu,-2.2717,40.902,26.8,85,49,5.32,KE,1731264912
438,geraldton,-28.7667,114.6,15.23,88,0,4.63,AU,1731264913
439,ketchikan,55.3422,-131.6461,5.43,87,100,8.75,US,1731264914
440,at turrah,32.6414,35.9919,16.84,81,1,5.31,JO,1731264915
441,broome,42.2506,-75.833,13.27,43,0,4.12,US,1731264916
442,sao gabriel da cachoeira,-0.1303,-67.0892,28.89,74,75,2.57,BR,1731264917
443,sibolga,1.7427,98.7792,25.22,85,100,1.04,ID,1731264919
444,olyokminsk,60.3736,120.4264,-17.47,99,81,1.25,RU,1731264920
445,kyshtovka,56.555,76.6271,-8.45,88,99,5.13,RU,1731264922
446,lefkada,38.8275,20.7019,15.55,72,20,0.0,GR,1731264923
447,ofunato,39.0717,141.7167,12.31,84,93,2.9,JP,1731264924
448,richfield,44.8833,-93.283,10.71,91,100,4.12,US,1731264925
449,palikir - national government center,6.9248,158.1611,24.41,94,100,1.54,FM,1731264926
450,hobyo,5.3505,48.5268,27.43,77,100,7.09,SO,1731264927
451,los llanos de aridane,28.6585,-17.9182,21.86,73,0,4.12,ES,1731264928
452,lieksa,63.3167,30.0167,1.64,72,97,2.51,FI,1731264929
453,sambava,-14.2667,50.1667,25.13,90,16,2.82,MG,1731264930
454,mount pleasant,32.7941,-79.8626,25.56,73,0,3.6,US,1731264931
455,khromtau,50.2503,58.4347,-0.6,94,100,7.11,KZ,1731264932
456,tocopilla,-22.092,-70.1979,21.22,63,14,4.1,CL,1731264933
457,baringo,0.4667,35.9667,24.75,48,100,1.5,KE,1731264934
458,makungu,-8.7333,35.2833,18.38,90,6,1.97,TZ,1731264936
459,itaituba,-4.2761,-55.9836,35.09,49,20,1.03,BR,1731264937
460,skvyra,49.7318,29.6657,3.06,77,6,2.25,UA,1731264938
461,zuera,41.8677,-0.7898,15.05,71,100,5.03,ES,1731264939
462,arraial do cabo,-22.9661,-42.0278,24.98,73,20,6.17,BR,1731264940
463,jatoba,-9.1831,-38.2689,37.68,21,72,5.9,BR,1731264941
464,playa del ingles,27.7567,-15.5787,27.86,34,0,2.75,ES,1731264909
465,novogornyy,55.63,60.7919,-6.7,79,99,5.11,RU,1731264943
466,kuta,-8.7233,115.1723,26.97,94,20,2.57,ID,1731264944
467,okhotsk,59.3833,143.3,-10.76,76,100,6.51,RU,1731264945
468,an nuhud,12.7,28.4333,26.14,21,7,5.46,SD,1731264946
469,kushnarenkovo,55.105,55.3508,-4.19,86,13,4.44,RU,1731264947
470,ciudad lazaro cardenas,17.9583,-102.2,29.68,66,99,3.42,MX,1731264948
471,tindouf,27.6711,-8.1474,29.25,13,20,1.54,DZ,1731264949
472,vetluga,57.8557,45.781,-1.43,85,24,2.04,RU,1731264951
473,ishigaki,24.3448,124.1572,25.07,88,98,3.6,JP,1731264952
474,karpinsk,59.7654,60.0085,-6.47,73,38,4.74,RU,1731264953
475,barah,13.7,30.3667,27.92,21,26,5.92,SD,1731264954
476,sao joao dos patos,-6.495,-43.7022,36.08,29,100,1.48,BR,1731264955
477,arawa,-6.2132,155.5367,24.56,90,42,0.36,PG,1731264956
478,sanford,28.8006,-81.2731,30.75,72,75,6.17,US,1731264957
479,pyin oo lwin,22.0333,96.4667,16.08,95,43,0.61,MM,1731264958
480,dickinson,29.4608,-95.0513,26.12,88,100,3.6,US,1731264752
481,tanabe,33.7333,135.3667,17.24,92,100,2.22,JP,1731264960
482,impfondo,1.6381,18.0667,20.71,97,46,0.97,CG,1731264962
483,prince rupert,54.3161,-130.3201,7.83,76,100,16.46,CA,1731264963
484,punta del este,-34.9667,-54.95,30.06,30,0,4.12,UY,1731264809
485,carutapera,-1.195,-46.02,29.43,63,24,5.16,BR,1731264965
486,khorinsk,52.1657,109.7726,-7.66,97,94,1.15,RU,1731264966
487,bandarbeyla,9.4942,50.8122,26.4,79,97,8.29,SO,1731264967
488,fisterra,42.9049,-9.2629,16.71,97,100,5.44,ES,1731264968
489,sattahip,12.6664,100.9007,25.05,83,20,2.06,TH,1731264969
490,shevchenko,48.5,35.0,5.65,66,7,2.15,UA,1731264970
491,sao felix do xingu,-6.6447,-51.995,36.0,30,100,0.74,BR,1731264971
492,sisimiut,66.9395,-53.6735,-6.51,84,100,4.77,GL,1731264816
493,chamzinka,54.4019,45.7839,1.95,83,100,2.49,RU,1731264974
494,lubango,-14.9172,13.4925,19.92,77,100,2.57,AO,1731264855
495,erie,42.7667,-78.6664,10.01,83,100,2.68,US,1731264977
496,burang,30.25,81.1667,-1.11,74,7,1.72,CN,1731264978
497,mahina,-17.5065,-149.489,27.87,78,75,1.03,PF,1731264979
498,pauls valley,34.7401,-97.2223,20.23,47,0,2.42,US,1731264980
499,emerald,-23.5333,148.1667,21.86,85,74,5.78,AU,1731264981
500,broadstairs,51.3591,1.4394,10.33,85,85,3.58,GB,1731264982
501,winnemucca,40.973,-117.7357,8.03,46,0,0.0,US,1731264983
502,hecun,36.5333,114.1111,11.98,72,89,1.0,CN,1731264984
503,giyani,-23.3025,30.7187,27.99,48,100,1.39,ZA,1731264986
504,porto novo,6.4965,2.6036,27.9,80,29,2.66,BJ,1731264855
505,dedenevo,56.25,37.5167,0.73,85,31,2.14,RU,1731264988
506,krasnokamensk,50.0979,118.0369,-3.52,46,100,2.02,RU,1731264709
507,goz beida,13.95,20.55,28.11,20,56,4.08,TD,1731264990
508,yishui,35.7847,118.6281,14.64,74,100,1.96,CN,1731264991
509,dudinka,69.4058,86.1778,-22.72,96,91,3.34,RU,1731264992
510,xilin hot,43.9667,116.0333,6.65,61,99,10.03,CN,1731264993
511,maintirano,-18.0667,44.0167,26.61,74,0,3.52,MG,1731264994
512,port-vila,-17.7338,168.3219,18.78,94,40,0.0,VU,1731264995
513,puerto aysen,-45.4,-72.7,7.25,99,100,2.55,CL,1731264733
514,tomohon,1.3346,124.8392,19.52,96,69,0.39,ID,1731264997
515,kodinsk,58.6881,99.1844,-8.33,92,100,2.36,RU,1731264998
516,krasnoarmeysk,51.0239,45.6969,1.14,90,15,2.96,RU,1731265000
517,glencoe,-28.1783,30.147,16.21,93,85,2.31,ZA,1731264841
518,mayma,52.0197,85.9114,3.5,51,100,3.89,RU,1731265002
519,freeport,40.6576,-73.5832,14.47,57,0,7.72,US,1731265004
520,vic-en-bigorre,43.3833,0.05,13.98,83,100,1.19,FR,1731265005
521,paidha,2.4167,30.9855,16.08,92,100,2.78,UG,1731265006
522,aldinga beach,-35.2793,138.4604,18.13,85,100,4.16,AU,1731265007
523,sungai penuh,-2.0833,101.3833,19.2,98,100,0.8,ID,1731265008
524,kitimat,54.0524,-128.6534,5.63,76,96,1.03,CA,1731265010
525,yorkton,51.2167,-102.4677,-0.09,100,100,6.69,CA,1731264750
526,surgut,61.25,73.4167,-9.9,92,75,8.0,RU,1731265012
527,paimio,60.4567,22.6869,3.52,95,100,0.45,FI,1731265014
528,argo,37.6333,22.7333,10.47,71,0,2.66,GR,1731265015
529,tidjikja,18.5564,-11.4271,26.25,12,32,4.6,MR,1731265016
530,laayoune,27.1622,-13.2032,26.19,50,0,6.17,EH,1731265017
531,chu,43.5983,73.7614,5.66,71,0,1.93,KZ,1731265018
532,yei,4.095,30.6779,19.56,94,87,1.99,SS,1731265019
533,boende,-0.2167,20.8667,20.41,98,100,0.23,CD,1731265020
534,tbeng meanchey,13.8167,104.9667,22.49,93,41,0.77,KH,1731265022
535,antalaha,-14.9003,50.2788,24.18,94,15,2.2,MG,1731265023
536,divrigi,39.371,38.1137,9.0,34,100,1.36,TR,1731265024
537,dabeiba,7.0017,-76.2672,25.27,85,100,1.34,CO,1731264903
538,midvagur,62.0511,-7.1939,9.46,87,100,8.75,FO,1731265026
539,shakawe,-18.3667,21.85,28.08,45,95,0.95,BW,1731265027
540,napili-honokowai,20.9708,-156.6705,25.65,84,5,7.58,US,1731265028
541,lyepyel',54.8814,28.6932,5.63,80,100,0.62,BY,1731265029
542,manokwari,-0.8667,134.0833,25.72,81,100,2.07,ID,1731265030
543,flin flon,54.7682,-101.865,1.91,87,100,2.06,CA,1731265031
544,robertsport,6.7533,-11.3686,27.43,80,9,4.06,LR,1731265033
545,heber springs,35.4915,-92.0313,22.67,39,0,3.84,US,1731265034
546,cannonvale,-20.2833,148.7,24.66,73,100,4.29,AU,1731265035
547,hatillo,18.4863,-66.8254,26.17,91,100,8.54,PR,1731265036
548,mugia,43.1041,-9.2179,16.62,97,100,3.87,ES,1731265037
549,las khorey,11.1595,48.1967,26.85,67,30,3.06,SO,1731265038
550,tonj,7.2737,28.6822,25.64,54,53,1.56,SS,1731265039
551,rabaul,-4.1967,152.1721,26.45,79,100,0.36,PG,1731265040
552,buka,40.8108,69.1986,8.6,57,1,2.29,UZ,1731265041
553,fauske,67.2588,15.3918,3.68,60,9,2.35,NO,1731265042
554,tughyl,47.7252,84.2063,3.37,92,100,2.43,KZ,1731265044
555,soio,-6.1349,12.3689,25.24,84,38,1.76,AO,1731265045
556,boromo,11.75,-2.9333,28.31,23,61,3.13,BF,1731265046
557,kone,-21.0595,164.8658,22.48,73,44,1.09,NC,1731264938
558,mwene-ditu,-7.0,23.45,18.23,98,100,1.48,CD,1731265048
559,paghman,34.5875,68.9533,7.02,51,0,0.93,AF,1731265049
560,reggane,26.7158,0.1714,26.7,23,100,1.74,DZ,1731265050
561,zhalantun,48.0,122.7167,-3.41,43,100,0.69,CN,1731265051
562,larache,35.1932,-6.1557,19.39,76,100,4.39,MA,1731265052
563,greenville,35.6127,-77.3663,22.29,64,40,5.14,US,1731265053
564,pangody,65.85,74.4859,-10.11,93,100,10.29,RU,1731265055
565,wenatchee,47.4235,-120.3103,7.25,85,100,1.54,US,1731265056
566,karasburg,-28.0167,18.75,15.6,48,0,8.0,NA,1731265057
567,viedma,-40.8135,-62.9967,18.88,23,100,2.18,AR,1731265058
568,shenjiamen,29.9576,122.298,18.64,88,100,6.73,CN,1731265059
569,kingscliff,-28.2667,153.5667,22.89,88,100,3.6,AU,1731265060
